,loss,dropout,noise_in,noise_mu,noise_sigma,l1_hidden,l2_hidden,l1_mu,l2_mu,l1_sigma,l2_sigma,lr
0,-0.02724158316850662,0.428668157011194,0.4007869862421395,0.303445062222103,0.38206385257262043,0.010250692680427243,0.17461514652371218,0.15563094725538573,0.19263966573092686,0.06333657446619977,0.15221226959634013,0.0036205704130138844
