,loss,dropout,noise_in,noise_mu,noise_sigma,l1_hidden,l2_hidden,l1_mu,l2_mu,l1_sigma,l2_sigma,lr
0,-0.11947554051876068,0.3910615029605654,0.18103486645717481,0.4447974005636225,0.36066093584916836,0.012262667401887707,0.17286894806423825,0.031058128002733068,0.1849152857632626,0.15250962938047513,0.07444213670774345,0.008515057002942155
