,loss,dropout,noise_in,noise_mu,noise_sigma,l1_hidden,l2_hidden,l1_mu,l2_mu,l1_sigma,l2_sigma,lr
0,-0.012798521295189857,0.39981171985956143,0.27858073425454566,0.3746441217510944,0.4045426644445437,0.08229099056984712,0.11087184294387926,0.04095246960340713,0.06985963518661258,0.02435604284648516,0.07210506277347982,0.007922867523377786
