,loss,dropout,noise_in,noise_mu,noise_sigma,l1_hidden,l2_hidden,l1_mu,l2_mu,l1_sigma,l2_sigma,lr
0,0.7823006391525269,0.22550967290298327,0.21377266397175598,0.27615665417157587,0.24535003863011595,0.06480496829756306,0.14433339782444962,0.15657455269348164,0.07223238815868874,0.16742508110231732,0.10892115963672555,0.0003349931636253253
