,loss,dropout,noise_in,noise_mu,noise_sigma,l1_hidden,l2_hidden,l1_mu,l2_mu,l1_sigma,l2_sigma,lr
0,-0.020165519416332246,0.3746815109034659,0.18338106245626845,0.1082998635958759,0.17629158207165468,0.15711072391914904,0.1022152359697448,0.15982397799535575,0.10689955443141651,0.12455950531654232,0.006383491465485625,0.0002659519560750398
