,loss,dropout,noise_in,noise_mu,noise_sigma,l1_hidden,l2_hidden,l1_mu,l2_mu,l1_sigma,l2_sigma,lr
0,-0.0572161965072155,0.3088421226342622,0.319135681584515,0.1215950265594831,0.476390227132112,0.1495675984641783,0.07392038167902626,0.06745645089790327,0.06260721293635332,0.15777649741756591,0.14497537741002783,0.008400969082371411
