,loss,dropout,noise_in,noise_mu,noise_sigma,l1_hidden,l2_hidden,l1_mu,l2_mu,l1_sigma,l2_sigma,lr
0,0.5543635576963425,0.35482559570863714,0.2546833776425852,0.4050668089408578,0.31988168388636123,0.18003882215278114,0.014676096841492115,0.15615568361969975,0.06622370113463487,0.15544883494033288,0.03475607329460029,0.008812320049195174
