,loss,dropout,noise_in,noise_mu,noise_sigma,l1_hidden,l2_hidden,l1_mu,l2_mu,l1_sigma,l2_sigma,lr
0,0.21918735541403295,0.352255007763294,0.46267291600584126,0.10944760950261007,0.2624432967692994,0.028160068133042993,0.135666135345033,0.11521200495375239,0.15919819454626566,0.14019784344439587,0.08079180914023448,0.007901195702254202
