,loss,dropout,noise_in,noise_mu,noise_sigma,l1_hidden,l2_hidden,l1_mu,l2_mu,l1_sigma,l2_sigma,lr
0,0.6698448449373245,0.4765801797207846,0.361088791163493,0.2182033754632091,0.31713608150769435,0.13647898771441938,0.12248940574533951,0.0147684154658978,0.009547645298941544,0.18432634647536975,0.010183892885601887,0.006659371645266649
