,loss,dropout,noise_in,noise_mu,noise_sigma,l1_hidden,l2_hidden,l1_mu,l2_mu,l1_sigma,l2_sigma,lr
0,0.05394014418125152,0.4886203727346107,0.1818560174500634,0.25978390964737863,0.1685506693479863,0.11542149678994025,0.024107649589141113,0.16411032345274673,0.11728155603699023,0.04194758940424717,0.09308401776944863,0.004073500031086145
