,loss,dropout,noise_in,noise_mu,noise_sigma,l1_hidden,l2_hidden,l1_mu,l2_mu,l1_sigma,l2_sigma,lr
0,0.44941042065620423,0.49965949855743474,0.45456832186398644,0.3141747798962889,0.2580329075015698,0.1297281619836169,0.049045560832589624,0.10187225464646031,0.008605558599959751,0.1135848641636132,0.15328830815554556,0.007009090594897333
