,loss,dropout,noise_in,noise_mu,noise_sigma,l1_hidden,l2_hidden,l1_mu,l2_mu,l1_sigma,l2_sigma,lr
0,0.02924577072262764,0.41940081865284806,0.48730854052265193,0.3545208262705182,0.22091013764007925,0.07229348168173673,0.10068741606507291,0.04076423118778223,0.038980841908150855,0.16749038155112703,0.18178829230243154,0.0019337385900710926
