,loss,dropout,noise_in,noise_mu,noise_sigma,l1_hidden,l2_hidden,l1_mu,l2_mu,l1_sigma,l2_sigma,lr
0,0.042482157796621324,0.13890901078293322,0.3518963511263772,0.2965675795987895,0.11869427071668737,0.07377198908026388,0.1676720044528951,0.11897977691466224,0.051728575278613326,0.19681662112229675,0.1779149231085865,0.0026775143893236954
