,loss,dropout,noise_in,noise_mu,noise_sigma,l1_hidden,l2_hidden,l1_mu,l2_mu,l1_sigma,l2_sigma,lr
0,0.6705814659595489,0.4328499450744414,0.3738876097978574,0.4759681385148412,0.3961845926044547,0.03627296586554703,0.03213270032345017,0.13360061159249176,0.11445916440301818,0.10420610937577955,0.034984235353313235,0.00856366857315652
