,loss,dropout,noise_in,noise_mu,noise_sigma,l1_hidden,l2_hidden,l1_mu,l2_mu,l1_sigma,l2_sigma,lr
0,0.6961197912693023,0.4352479781440217,0.47531755091421946,0.15826559130605014,0.2838475677644827,0.09488609978781476,0.1113538391188079,0.15258638724044268,0.13961349959925093,0.11496097735494962,0.15230942238120007,0.0034031422606846584
