,loss,dropout,noise_in,noise_mu,noise_sigma,l1_hidden,l2_hidden,l1_mu,l2_mu,l1_sigma,l2_sigma,lr
0,-0.06950651220977307,0.3438545692559065,0.4907760530241695,0.1722640829678772,0.44191074649208084,0.0028789072654049844,0.0061238883911161725,0.004072384032781629,0.05846062168139479,0.008142769219638968,0.02623758236476863,0.006736104522398605
