,loss,dropout,noise_in,noise_mu,noise_sigma,l1_hidden,l2_hidden,l1_mu,l2_mu,l1_sigma,l2_sigma,lr
0,0.5061986699700356,0.18124767288292198,0.32982690859694097,0.3466701556352519,0.1090606917621666,0.05542030934943967,0.1799335621858891,0.059649989857138146,0.14262448976672495,0.06803437863616109,0.17256755395283963,0.002253505400422476
