,loss,dropout,noise_in,noise_mu,noise_sigma,l1_hidden,l2_hidden,l1_mu,l2_mu,l1_sigma,l2_sigma,lr
0,0.6247432172298432,0.11215335453122535,0.27156344539457666,0.2826420855981858,0.13348072922209622,0.10213671896521091,0.18489507721126192,0.06601158594421863,0.19159704962322846,0.1013256077274377,0.1764156916856104,0.006101263272861502
