,loss,dropout,noise_in,noise_mu,noise_sigma,l1_hidden,l2_hidden,l1_mu,l2_mu,l1_sigma,l2_sigma,lr
0,-0.02308269888162613,0.16821544467532062,0.47060149884339475,0.2080785053295637,0.4116132570198061,0.10762822498219704,0.1464051693295632,0.11724199444236581,0.015632684737524726,0.18030235159006044,0.02357148960334603,0.001853074580238239
