,loss,dropout,noise_in,noise_mu,noise_sigma,l1_hidden,l2_hidden,l1_mu,l2_mu,l1_sigma,l2_sigma,lr
0,0.20151760019361972,0.1151694783674627,0.2941406080992875,0.16711488764377816,0.14227522129694112,0.0418455619933293,0.14065548421489613,0.1651379018983764,0.08935850692015374,0.05171803423667048,0.14778900512977053,0.007832936283069645
