,loss,dropout,noise_in,noise_mu,noise_sigma,l1_hidden,l2_hidden,l1_mu,l2_mu,l1_sigma,l2_sigma,lr
0,0.5694143682718277,0.2833963557987856,0.20408944762529724,0.2137584412286343,0.45391848985647554,0.06529128357782435,0.14836839896408063,0.164213571869922,0.1397642300695078,0.07955837865133181,0.1994117813553893,0.007428883020597834
