,loss,dropout,noise_in,noise_mu,noise_sigma,l1_hidden,l2_hidden,l1_mu,l2_mu,l1_sigma,l2_sigma,lr
0,0.5984560728073121,0.36483105923925574,0.20593600213616298,0.48141274372690734,0.47364032166489267,0.12511745335066576,0.08616475228064464,0.18305721387736532,0.05978916266436174,0.04277738925877117,0.010321324071803485,0.004948253165733098
