,loss,dropout,noise_in,noise_mu,noise_sigma,l1_hidden,l2_hidden,l1_mu,l2_mu,l1_sigma,l2_sigma,lr
0,0.6173450291156769,0.4870758467862871,0.1571056387758894,0.12768683380906942,0.19474859338011133,0.1231067572035211,0.0345375708074172,0.1970131638995951,0.04822676515371578,0.002087938249035437,0.12938979873542664,0.006899905914439284
