,loss,dropout,noise_in,noise_mu,noise_sigma,l1_hidden,l2_hidden,l1_mu,l2_mu,l1_sigma,l2_sigma,lr
0,0.06680715754628182,0.2059319710341373,0.3852216146172234,0.3904696486836986,0.24142337821041734,0.09261940517999323,0.01680630828198033,0.11979931023804656,0.14903252238307993,0.19047291594287824,0.11629776418805299,0.006070351297014463
