,loss,dropout,noise_in,noise_mu,noise_sigma,l1_hidden,l2_hidden,l1_mu,l2_mu,l1_sigma,l2_sigma,lr
0,0.04021068587899208,0.22923711925376675,0.38508241092955586,0.35873588090780506,0.445442410054251,0.15851104991581802,0.09192197426048494,0.15245349746846992,0.11885425528235732,0.0689986702118935,0.07214947940005932,0.0021415417380061317
