,loss,dropout,noise_in,noise_mu,noise_sigma,l1_hidden,l2_hidden,l1_mu,l2_mu,l1_sigma,l2_sigma,lr
0,-0.03156382888555527,0.28480100675062847,0.3607087379879961,0.16377569473776438,0.4834687356364199,0.0986874283253113,0.08545169378190698,0.09274961283354005,0.12683581711825212,0.11069870384993714,0.06789157679274427,0.008114156115887582
