,loss,dropout,noise_in,noise_mu,noise_sigma,l1_hidden,l2_hidden,l1_mu,l2_mu,l1_sigma,l2_sigma,lr
0,-0.6300292134284973,0.12683571014545963,0.14388111727486816,0.32171231805175315,0.10123662621404678,0.03748421020270492,0.1405815097835191,0.013150808499542933,0.006602714188977843,0.12808314138404242,0.06103653488838148,0.009064844522912724
