,loss,dropout,noise_in,noise_mu,noise_sigma,l1_hidden,l2_hidden,l1_mu,l2_mu,l1_sigma,l2_sigma,lr
0,0.01690780818462372,0.14971335941513955,0.1913463788924851,0.4267255005385773,0.13734105013919984,0.02162563666476567,0.09830806642418809,0.12415089547574974,0.016750507483517342,0.06589255003796526,0.09862431076956035,0.007670097794082498
