,loss,dropout,noise_in,noise_mu,noise_sigma,l1_hidden,l2_hidden,l1_mu,l2_mu,l1_sigma,l2_sigma,lr
0,0.6370910584926606,0.27018268372270515,0.46221934884164007,0.3006949137793925,0.2773422703181437,0.14953480888694168,0.06764696418744463,0.1935245490001493,0.11361041884511199,0.10262275307250208,0.055573149046978965,0.009473912228033817
