,loss,dropout,noise_in,noise_mu,noise_sigma,l1_hidden,l2_hidden,l1_mu,l2_mu,l1_sigma,l2_sigma,lr
0,0.03140358235687017,0.13087522351898206,0.4915758323549576,0.31812680996652265,0.35808022566633835,0.13014215724608838,0.12586733716612397,0.09025814112866071,0.03959864370069002,0.07066660973721316,0.07226090310033387,0.00928043388960693
