,loss,dropout,noise_in,noise_mu,noise_sigma,l1_hidden,l2_hidden,l1_mu,l2_mu,l1_sigma,l2_sigma,lr
0,0.8072406768798828,0.19467160237181613,0.4180967556536985,0.2611100957742212,0.46013599292141527,0.13377589020419897,0.10663054336192057,0.13989165530021377,0.04642745641725872,0.1388216262506853,0.16513642662701963,0.002173893295270171
