,loss,dropout,noise_in,noise_mu,noise_sigma,l1_hidden,l2_hidden,l1_mu,l2_mu,l1_sigma,l2_sigma,lr
0,-0.046308184042572975,0.3601179237366746,0.26744720962775004,0.21997002989942468,0.2713167872262704,0.04773990934054262,0.03427457657139634,0.09405664507970145,0.15455647768290282,0.12444798430353393,0.15131372719252953,0.0039653865319206685
