,loss,dropout,noise_in,noise_mu,noise_sigma,l1_hidden,l2_hidden,l1_mu,l2_mu,l1_sigma,l2_sigma,lr
0,0.6203708350658417,0.39099334778340555,0.43632722011234915,0.30055581718574775,0.4079518892166776,0.19821524675892804,0.08769921537397476,0.0575363364022593,0.035287869746486435,0.025747993226229827,0.032468379253500546,0.00439529373479911
