,loss,dropout,noise_in,noise_mu,noise_sigma,l1_hidden,l2_hidden,l1_mu,l2_mu,l1_sigma,l2_sigma,lr
0,-0.21879444494843484,0.16812501614098668,0.32374519203044483,0.33118187739064564,0.2274967216108669,0.05863409173020955,0.03754641295439727,0.00861221308761433,0.09000701887859175,0.009522292553223833,0.06578405733800119,0.007489985534919433
