,loss,dropout,noise_in,noise_mu,noise_sigma,l1_hidden,l2_hidden,l1_mu,l2_mu,l1_sigma,l2_sigma,lr
0,-0.00016770809888839723,0.350776430947639,0.2585489981888505,0.12050986732279503,0.4864513592341245,0.12443133869754142,0.061719500545323075,0.15113394137698957,0.06774739837474224,0.007649164286093502,0.11248133082391581,0.004921831836823118
