,loss,dropout,noise_in,noise_mu,noise_sigma,l1_hidden,l2_hidden,l1_mu,l2_mu,l1_sigma,l2_sigma,lr
0,0.0030280664563179017,0.22366416149552917,0.3006798408487408,0.2653182884689487,0.26260170036126307,0.04217334447954906,0.11101095650390386,0.041775584628359334,0.18668423031268153,0.07048215694228797,0.04278493141216999,0.008317354877865453
