,loss,dropout,noise_in,noise_mu,noise_sigma,l1_hidden,l2_hidden,l1_mu,l2_mu,l1_sigma,l2_sigma,lr
0,0.5114575684070587,0.4447330938499454,0.25836706558772354,0.434066330529269,0.44670440844152093,0.1424154434419046,0.03018088174815783,0.0025317002094473076,0.15731773794702203,0.1526442170547524,0.10777405467956498,0.008562267772666322
