,loss,dropout,noise_in,noise_mu,noise_sigma,l1_hidden,l2_hidden,l1_mu,l2_mu,l1_sigma,l2_sigma,lr
0,0.25423193275928496,0.1197774382213904,0.12979868483347362,0.2464208715023286,0.2653223644472451,0.02074790031000733,0.10521031328980342,0.14565396875766803,0.10184941533026207,0.07512654210956371,0.0071081216675918275,0.004751373922768215
