,loss,dropout,noise_in,noise_mu,noise_sigma,l1_hidden,l2_hidden,l1_mu,l2_mu,l1_sigma,l2_sigma,lr
0,0.5531683415174484,0.21869025100257178,0.4111435509899878,0.4541256373007989,0.3982567495976995,0.027205197010974902,0.03594695256754692,0.015169776315192741,0.11968564321640059,0.12637496796540496,0.1679611915617405,0.0033960081860867747
