,loss,dropout,noise_in,noise_mu,noise_sigma,l1_hidden,l2_hidden,l1_mu,l2_mu,l1_sigma,l2_sigma,lr
0,0.07300466597080231,0.269072074413751,0.21997061806544582,0.15145284412780724,0.10122388255691761,0.02542697931990492,0.15527477459848327,0.16484058976713828,0.18631421383639868,0.01167081667624803,0.18394348180732542,0.009039715599768707
