,loss,dropout,noise_in,noise_mu,noise_sigma,l1_hidden,l2_hidden,l1_mu,l2_mu,l1_sigma,l2_sigma,lr
0,0.0065267100930213925,0.10263105253483747,0.3702258411168593,0.2955524103030716,0.16272704715786218,0.171788574414831,0.12408787059470981,0.0204408487973911,0.06072388674658835,0.03184570546094743,0.07213428832339529,0.006188265819128282
