,loss,dropout,noise_in,noise_mu,noise_sigma,l1_hidden,l2_hidden,l1_mu,l2_mu,l1_sigma,l2_sigma,lr
0,0.6093010604381561,0.18628157482354651,0.49788242497214474,0.389993182139866,0.13005576803841015,0.06466458234066233,0.02470774058699068,0.11081725151858626,0.03299073462254842,0.08976825369351082,0.08508998521280134,0.00029477764709747557
