,loss,dropout,noise_in,noise_mu,noise_sigma,l1_hidden,l2_hidden,l1_mu,l2_mu,l1_sigma,l2_sigma,lr
0,0.027520640194416045,0.4648050096158921,0.1320372567858292,0.44205040475191615,0.23355835896339294,0.11830994707681669,0.12763642781902618,0.12588485191674098,0.08896857901896518,0.01768082717430628,0.18561005827926047,0.00980075212344722
