,loss,dropout,noise_in,noise_mu,noise_sigma,l1_hidden,l2_hidden,l1_mu,l2_mu,l1_sigma,l2_sigma,lr
0,0.515598925948143,0.29886712097730106,0.3509010620261034,0.13047156938908291,0.16303866819591667,0.06086510087761363,0.19163078968081793,0.04650402958515787,0.15447467522962455,0.11884089689743518,0.12473887639922594,0.0071651649933852785
