,loss,dropout,noise_in,noise_mu,noise_sigma,l1_hidden,l2_hidden,l1_mu,l2_mu,l1_sigma,l2_sigma,lr
0,-0.06547838235273958,0.20169178133678933,0.23096962433451537,0.25337928685639627,0.4139793194603809,0.011923826338638378,0.06044922995414473,0.02526571002733842,0.03062374193799744,0.18282090160490672,0.10164849040944551,0.00677468989912834
