,loss,dropout,noise_in,noise_mu,noise_sigma,l1_hidden,l2_hidden,l1_mu,l2_mu,l1_sigma,l2_sigma,lr
0,0.03540084585547447,0.37455790929841337,0.15333461250273564,0.26822434807434803,0.1590765871555028,0.0016679726014837027,0.1532697433820951,0.1476545185812342,0.08381082872870907,0.03200051187706867,0.19170519232334862,0.00019881804467248012
