,loss,dropout,noise_in,noise_mu,noise_sigma,l1_hidden,l2_hidden,l1_mu,l2_mu,l1_sigma,l2_sigma,lr
0,-0.16566292867064475,0.3827814325259301,0.22870627498359328,0.2737747637528283,0.12065170506895502,0.02663902503209259,0.1616886903564959,0.07790229796171373,0.13632996267867978,0.010468549990342036,0.016811851862049455,0.005797215642448951
