,loss,dropout,noise_in,noise_mu,noise_sigma,l1_hidden,l2_hidden,l1_mu,l2_mu,l1_sigma,l2_sigma,lr
0,0.6552086472511292,0.23236038161641043,0.397500937476973,0.4528216521544002,0.28268445806679204,0.027646598765083998,0.11346348480729934,0.167841745084939,0.016253834056132035,0.13538322245487897,0.03557504186988889,0.002802773090252351
