,loss,dropout,noise_in,noise_mu,noise_sigma,l1_hidden,l2_hidden,l1_mu,l2_mu,l1_sigma,l2_sigma,lr
0,-0.05651393830776215,0.3353770628298822,0.22577622141529183,0.3886111695632386,0.10247886534820157,0.05958529075032264,0.1618605690030932,0.02987320122388104,0.06456185441888217,0.10696590095725902,0.19469484501752002,0.006631069268548688
