,loss,dropout,noise_in,noise_mu,noise_sigma,l1_hidden,l2_hidden,l1_mu,l2_mu,l1_sigma,l2_sigma,lr
0,0.5404013991355896,0.44724084309249257,0.4121744772080135,0.3963355501772261,0.439695590084869,0.11183166236179341,0.16119355403291552,0.11824381249285848,0.14929603387434873,0.05831719466700476,0.19741814989206774,0.0056912440730489885
