,loss,dropout,noise_in,noise_mu,noise_sigma,l1_hidden,l2_hidden,l1_mu,l2_mu,l1_sigma,l2_sigma,lr
0,0.6146600663661956,0.38302350265213003,0.38048721306818156,0.3183847315154028,0.41650853195632787,0.14592773119614763,0.19316317536605832,0.17722391502297005,0.16329184723256113,0.035465943841101535,0.14441047350233563,0.00502628916657827
