,loss,dropout,noise_in,noise_mu,noise_sigma,l1_hidden,l2_hidden,l1_mu,l2_mu,l1_sigma,l2_sigma,lr
0,0.041618837416172026,0.13652310919253996,0.2543269868176291,0.4172507433440924,0.405258258917666,0.06586766304874601,0.16175628459261113,0.18275579770625935,0.0024489639009698475,0.02841938320556288,0.019699851230818702,0.005550646895667209
