,loss,dropout,noise_in,noise_mu,noise_sigma,l1_hidden,l2_hidden,l1_mu,l2_mu,l1_sigma,l2_sigma,lr
0,-0.018186500668525694,0.49892895154378814,0.2279360611417615,0.36756850220516857,0.2881604657614105,0.07024221518043387,0.07884774077981696,0.13116869922757754,0.05574404048106823,0.04427109239040386,0.159173713855153,0.005455539453651788
