,loss,dropout,noise_in,noise_mu,noise_sigma,l1_hidden,l2_hidden,l1_mu,l2_mu,l1_sigma,l2_sigma,lr
0,-0.06027787774801254,0.2155971853585574,0.2575015900079277,0.1431004617103926,0.38117066392080023,0.11905650259494463,0.19386756638301872,0.16354543255330425,0.18900046491154876,0.01499848953379237,0.1039849822457639,0.006042980913152855
