,loss,dropout,noise_in,noise_mu,noise_sigma,l1_hidden,l2_hidden,l1_mu,l2_mu,l1_sigma,l2_sigma,lr
0,0.6366710782051086,0.30362813069088174,0.3793623186438989,0.20457767848600605,0.25821104448243126,0.1669170078149108,0.1827009667870204,0.06307221241748902,0.13794438613600055,0.08866846441394836,0.06575618050270997,0.009842975628978524
