,loss,dropout,noise_in,noise_mu,noise_sigma,l1_hidden,l2_hidden,l1_mu,l2_mu,l1_sigma,l2_sigma,lr
0,0.5796373695135116,0.47137690403583565,0.3643876907436693,0.49348015766985553,0.30008045772645353,0.17616583499286675,0.13557254612651656,0.05730886359746297,0.1828289202202752,0.0670302027274278,0.015783496651586872,0.005295079560435669
