,loss,dropout,noise_in,noise_mu,noise_sigma,l1_hidden,l2_hidden,l1_mu,l2_mu,l1_sigma,l2_sigma,lr
0,0.27742948979139326,0.14129022492158028,0.24825246399414175,0.22888531049902042,0.258622427467897,0.13787769889323107,0.1598337004832873,0.05353039993112221,0.0765477470130994,0.16740358741255065,0.04737664483042284,0.0050847796747225385
