,loss,dropout,noise_in,noise_mu,noise_sigma,l1_hidden,l2_hidden,l1_mu,l2_mu,l1_sigma,l2_sigma,lr
0,0.5042945742607117,0.4716595087467832,0.1513802228653569,0.3827316169790015,0.38088610472391726,0.010922116587521714,0.1785676326305003,0.12129067798986529,0.13195437029731852,0.06469853213163056,0.10262206257989925,0.007680668194334017
