,loss,dropout,noise_in,noise_mu,noise_sigma,l1_hidden,l2_hidden,l1_mu,l2_mu,l1_sigma,l2_sigma,lr
0,0.610826599597931,0.3154001327454491,0.13071008257968,0.43759361469062386,0.2707246486257298,0.18781760785866383,0.058906690636756576,0.16747829429473213,0.07304451076054357,0.12009803559613247,0.18610927570183577,0.004760761344598381
