,loss,dropout,noise_in,noise_mu,noise_sigma,l1_hidden,l2_hidden,l1_mu,l2_mu,l1_sigma,l2_sigma,lr
0,0.0722831979393959,0.36596543670269477,0.3765118509326667,0.1521611089791995,0.15223388040856706,0.0714275481064254,0.17529340031936422,0.09528015950837794,0.16785342001683323,0.12813992297632956,0.08556267661092186,0.0045542148753434574
