,loss,dropout,noise_in,noise_mu,noise_sigma,l1_hidden,l2_hidden,l1_mu,l2_mu,l1_sigma,l2_sigma,lr
0,0.6751167237758636,0.14858106424250928,0.16109969621911358,0.4112840553927596,0.372327252959491,0.1136852326389644,0.11593199890547748,0.09411102334289322,0.1256745692502522,0.09642883380236011,0.05613139090621238,0.0029290516772551
