,loss,dropout,noise_in,noise_mu,noise_sigma,l1_hidden,l2_hidden,l1_mu,l2_mu,l1_sigma,l2_sigma,lr
0,0.04231362342834473,0.28722934732360683,0.13030904549916122,0.23481665543631883,0.35954165233638735,0.1292808276711334,0.17999133844198836,0.058850575231694104,0.013693574732855353,0.05315412889015558,0.049146020542122894,0.007780041441842577
