,loss,dropout,noise_in,noise_mu,noise_sigma,l1_hidden,l2_hidden,l1_mu,l2_mu,l1_sigma,l2_sigma,lr
0,0.7989599108695984,0.13031193751738998,0.33453140725673136,0.4903516880690537,0.46124137706321644,0.045529238471991224,0.1334036497781639,0.07211047794440754,0.03393468455126889,0.023822737376828676,0.14792733433319036,0.0006569445272347227
