,loss,dropout,noise_in,noise_mu,noise_sigma,l1_hidden,l2_hidden,l1_mu,l2_mu,l1_sigma,l2_sigma,lr
0,-0.05016905516386032,0.2271978674515392,0.11688775774579235,0.19850045645460304,0.2691395644074047,0.18642424609740102,0.08311255718778437,0.007195834674309221,0.12927626094051822,0.17677190999052267,0.14109754758854184,0.003839596192306151
