,loss,dropout,noise_in,noise_mu,noise_sigma,l1_hidden,l2_hidden,l1_mu,l2_mu,l1_sigma,l2_sigma,lr
0,0.6981803715229035,0.2701549851509154,0.36966016409181746,0.4388646524075245,0.49243364844485904,0.028326269533207937,0.004549289885069952,0.15247984068777887,0.1361838734109304,0.09555080613358609,0.09272574722511616,0.009208630643523771
