,loss,dropout,noise_in,noise_mu,noise_sigma,l1_hidden,l2_hidden,l1_mu,l2_mu,l1_sigma,l2_sigma,lr
0,-0.033293189480900764,0.3213219505583924,0.1432401075956643,0.36817063682602635,0.48566987910460335,0.03671628748100999,0.18127735806241743,0.18506570506052944,0.06335218543842694,0.02297170333402512,0.14049080845154924,0.005945302602983679
