,loss,dropout,noise_in,noise_mu,noise_sigma,l1_hidden,l2_hidden,l1_mu,l2_mu,l1_sigma,l2_sigma,lr
0,0.40073916912078855,0.2931070337491518,0.43241649996464837,0.13207005289744478,0.31774214717100857,0.12954372553157506,0.11662836863663927,0.01611807958575853,0.0356463126878009,0.0099496485809081,0.07126496263353031,0.008602281642748715
