,loss,dropout,noise_in,noise_mu,noise_sigma,l1_hidden,l2_hidden,l1_mu,l2_mu,l1_sigma,l2_sigma,lr
0,-0.07068107277154922,0.15602286966644835,0.2946285419905349,0.16908048224648387,0.41971537238693224,0.05772511080158507,0.14814521699509153,0.042494665099508055,0.08363394597579182,0.11960286237247275,0.10803990854015173,0.0025274682303354527
