,loss,dropout,noise_in,noise_mu,noise_sigma,l1_hidden,l2_hidden,l1_mu,l2_mu,l1_sigma,l2_sigma,lr
0,0.3479109823703766,0.41886078091792867,0.31826172169431627,0.10060340965654198,0.20066222481737178,0.08056736919232732,0.16956603330428752,0.08469887579530773,0.07393509929284232,0.053611271827977515,0.12362563256836193,0.008169978437193054
