,loss,dropout,noise_in,noise_mu,noise_sigma,l1_hidden,l2_hidden,l1_mu,l2_mu,l1_sigma,l2_sigma,lr
0,0.5605902075767517,0.4725881353672312,0.16612581636481877,0.2594939476945489,0.14178525756013807,0.1312830173698409,0.09402058481697445,0.1766329485390893,0.10414795115718296,0.183999966486805,0.09380586649710332,0.0060667777794098715
