,loss,dropout,noise_in,noise_mu,noise_sigma,l1_hidden,l2_hidden,l1_mu,l2_mu,l1_sigma,l2_sigma,lr
0,0.6901562333106994,0.15549424447735982,0.12471859070864487,0.4950403463660703,0.37223294102323257,0.11169079454794593,0.1427134122978578,0.16526355679563343,0.1332015043146166,0.13428146574715497,0.07747629512277679,0.003902808216222956
